year,rank,neighbor,similarity
1947,1,人民,1.0
1947,2,千百万,0.8156716237790346
1947,3,生命财产,0.814684330346608
1947,4,而战,0.8036537081763517
1947,5,本军,0.7897790113196315
1947,6,民主自由,0.7725091354056344
1947,7,同胞,0.7578952769669237
1947,8,奋斗到底,0.7572742058684472
1947,9,祖国,0.7468480843821992
1947,10,热望,0.7444315330753165
1947,11,新闻事业,0.7385872132664918
1947,12,幸福生活,0.7355477143958404
1947,13,民主运动,0.7338311998217826
1947,14,灾难,0.7320902093252334
1947,15,万岁,0.7285917738369947
1947,16,解放事业,0.7242147459009025
1947,17,滔天罪行,0.716230058025447
1947,18,神圣,0.7143765343456459
1947,19,衷心,0.7132349202609842
1947,20,中华民族,0.7113695784144647
1948,1,人民,1.0
1948,2,地为,0.729957233982094
1948,3,爱国者,0.7222845333789908
1948,4,意志,0.7177727767226834
1948,5,爱国,0.716622536225106
1948,6,坚信,0.7152266693866509
1948,7,民主自由,0.7088474861344503
1948,8,团结一致,0.7052358839274556
1948,9,解放运动,0.7047765309670944
1948,10,祖国,0.702832822423929
1948,11,奋斗,0.6986918023747315
1948,12,忍受,0.6934849190714304
1948,13,愈来愈,0.6895537691747571
1948,14,敬意,0.6883673232960794
1948,15,民主革命,0.678881926334342
1948,16,解放事业,0.6717286598316135
1948,17,被压迫,0.6680579386564003
1948,18,前列,0.6482211271505673
1948,19,城乡,0.6379059293037773
1948,20,苦难,0.6373772181476332
1949,1,人民,0.9999999999999999
1949,2,而战,0.7569633825772881
1949,3,忠心,0.7358654650418489
1949,4,唤醒,0.7269996326559309
1949,5,寄予,0.7138953268800691
1949,6,爱国心,0.7123114401642185
1949,7,人民大众,0.7107670175837307
1949,8,百余年,0.7105518591459143
1949,9,民主自由,0.7104239507680097
1949,10,弱小民族,0.7055447608448218
1949,11,人民意志,0.690565090333541
1949,12,意志,0.6866226633936423
1949,13,解放事业,0.6836846180915908
1949,14,团结奋斗,0.6777183285654287
1949,15,大业,0.6549582387933424
1949,16,关切,0.65323328753529
1949,17,武装力量,0.6490318917986584
1949,18,中华民族,0.6455608202096834
1949,19,崇敬,0.6409109905705459
1949,20,捍卫,0.6367361000787772
1950,1,人民,1.0
1950,2,人民意志,0.7775459942317438
1950,3,深信,0.7639300706485781
1950,4,正义,0.758777576207621
1950,5,万众一心,0.7546274210524537
1950,6,自由民主,0.7408874365212164
1950,7,四亿七千五百万,0.7348226382547091
1950,8,义愤,0.7341662874641484
1950,9,死敌,0.7330763389271227
1950,10,全世界,0.732280791485759
1950,11,英勇斗争,0.7311815415315448
1950,12,反侵略,0.7308789014786072
1950,13,爱好和平,0.7210902258258134
1950,14,确信,0.7173443514305811
1950,15,正义事业,0.7148995105037268
1950,16,铁拳,0.7146821377588889
1950,17,各族人民,0.7072855759349863
1950,18,五万万,0.7068314725341536
1950,19,反抗,0.7050292207017068
1950,20,正义斗争,0.7004607255870163
1951,1,人民,0.9999999999999999
1951,2,必将,0.8599429858283094
1951,3,四亿七千五百万,0.8559817138864683
1951,4,共同奋斗,0.8466515208033031
1951,5,团结一致,0.8428447053093597
1951,6,赢得,0.8426782084220105
1951,7,紧密团结,0.8389432835484592
1951,8,伟大胜利,0.8351306795540492
1951,9,深信,0.8305583849403968
1951,10,必胜,0.8222689200664326
1951,11,解放事业,0.8201108741830132
1951,12,坚强意志,0.819643037733548
1951,13,巨大力量,0.8144197486693059
1951,14,誓,0.8135956488811316
1951,15,全国同胞,0.8127544124746869
1951,16,正义,0.812288520936889
1951,17,英勇斗争,0.8117798256766555
1951,18,巨大胜利,0.8088672751105872
1951,19,意志,0.8064533798553591
1951,20,亿万人民,0.8045488559148046
1952,1,人民,1.0
1952,2,同情,0.8608448233735073
1952,3,确信,0.860087858368401
1952,4,爱好和平,0.8591211450646994
1952,5,深信,0.8541055094666238
1952,6,坚信,0.8535736489520309
1952,7,全人类,0.8247307118996607
1952,8,亿万人民,0.8197627230047002
1952,9,正义斗争,0.814509037387964
1952,10,共同愿望,0.8136288163197086
1952,11,进步力量,0.8092711732313347
1952,12,团结一致,0.8082057540350454
1952,13,团结起来,0.8027623263095245
1952,14,必将,0.8016782363076097
1952,15,敬祝,0.7985812925889808
1952,16,解放者,0.7945415949290295
1952,17,奋起,0.7915797234701749
1952,18,正义事业,0.7904037104284471
1952,19,预祝,0.7876315968681311
1952,20,赢得,0.7810264370354197
1953,1,人民,1.0
1953,2,同情,0.8511382250675256
1953,3,坚信,0.8235959995561789
1953,4,伟大胜利,0.8057175070685676
1953,5,巨大力量,0.799926403817745
1953,6,爱好和平,0.793316401445705
1953,7,邻邦,0.7918357275241739
1953,8,正义战争,0.7896101553765369
1953,9,全世界,0.7875962287088465
1953,10,保卫和平,0.7861133543809232
1953,11,保卫者,0.7857712541305448
1953,12,热望,0.7774093949521349
1953,13,正义,0.7758471410085861
1953,14,英勇斗争,0.7743196849972925
1953,15,正义斗争,0.7677390677652723
1953,16,不屈不挠,0.7631768314166331
1953,17,正义事业,0.7552036427679837
1953,18,确信,0.752387451160758
1953,19,优秀儿女,0.7454575550474398
1953,20,亿万,0.7451799033292624
1954,1,人民,1.0
1954,2,保卫和平,0.8194153390888437
1954,3,确信,0.8062293197793028
1954,4,正义斗争,0.8058058589596753
1954,5,谨祝,0.8055782046273253
1954,6,意志,0.8041215787694849
1954,7,基督徒,0.8035773050528262
1954,8,寄予,0.7999077967941058
1954,9,正义事业,0.7996699420910613
1954,10,信念,0.796753448064313
1954,11,坚信,0.7879052154757693
1954,12,同情,0.7833534461156013
1954,13,爱好和平,0.7818835865035834
1954,14,正义,0.7760644709423905
1954,15,坚强意志,0.7644131778919097
1954,16,全力支持,0.7609613002306269
1954,17,和平力量,0.7579545683253959
1954,18,进步力量,0.7519436418903287
1954,19,日益壮大,0.7509249279591678
1954,20,维护和平,0.7419183054396221
1955,1,人民,1.0
1955,2,正义斗争,0.8859547963583725
1955,3,同情,0.862371848475465
1955,4,正义事业,0.8535712926631138
1955,5,正义,0.8401685366883416
1955,6,同胞,0.8087541210752309
1955,7,谨祝,0.8041966258448063
1955,8,支持,0.8036428993247164
1955,9,坚信,0.7974490250395215
1955,10,全力支持,0.7844976950725553
1955,11,团结一致,0.7833788835570829
1955,12,收复,0.7796506802018561
1955,13,英勇斗争,0.7789653627105666
1955,14,爱好和平,0.778450216277579
1955,15,深切,0.772104522238906
1955,16,对果,0.7713746588741468
1955,17,坚强意志,0.7686587276339648
1955,18,意志,0.7658427097881022
1955,19,葡萄牙政府,0.7647610733400589
1955,20,获得胜利,0.7519906957429282
1956,1,人民,1.0000000000000002
1956,2,深切,0.8051361959533301
1956,3,愿望,0.7905508351579762
1956,4,寄予,0.784065369315375
1956,5,同情,0.7791055987473057
1956,6,意志,0.7763479328602401
1956,7,各族人民,0.7718954609453339
1956,8,表示同情,0.7613174788204022
1956,9,爱好和平,0.761206900425687
1956,10,正义事业,0.7540607925318659
1956,11,保卫和平,0.7514662778948396
1956,12,地站,0.747760695181919
1956,13,英勇斗争,0.7477131682690885
1956,14,团结一致,0.7329240692480602
1956,15,保卫,0.7323577610079298
1956,16,亿万人民,0.7308008332708748
1956,17,而战,0.7231254600767394
1956,18,坚强意志,0.716951675993507
1956,19,愿,0.7156769477596001
1956,20,紧密团结,0.7116408333979058
1957,1,人民,0.9999999999999999
1957,2,民族解放,0.8019276454531536
1957,3,英勇斗争,0.7987559627387053
1957,4,不屈不挠,0.7947891290598079
1957,5,长期斗争,0.7723623794727545
1957,6,珍视,0.7721577125194066
1957,7,而战,0.7666936441282344
1957,8,借此机会,0.7637996414290886
1957,9,英勇,0.7600900819409264
1957,10,坚强意志,0.7571610185584305
1957,11,保卫,0.7567217255658815
1957,12,并肩作战,0.7508713174952613
1957,13,反侵略,0.732642567652469
1957,14,保卫者,0.7306893222839425
1957,15,正义事业,0.7239773218539135
1957,16,真挚,0.7036334108955281
1957,17,解放事业,0.7034004203598655
1957,18,共同奋斗,0.6984595146787906
1957,19,深切,0.6972531238027473
1957,20,衷心感谢,0.6915739701131904
1958,1,人民,1.0
1958,2,全力支持,0.8925437474276589
1958,3,正义斗争,0.891884027699422
1958,4,坚强意志,0.8691378956126674
1958,5,同情,0.8584150558859912
1958,6,正义事业,0.8434140295222811
1958,7,正义,0.8418404794071571
1958,8,爱好和平,0.8327694967435599
1958,9,英勇斗争,0.830684109822937
1958,10,声援,0.8242566610444353
1958,11,反侵略,0.8232929488601677
1958,12,斗争意志,0.8194671966929916
1958,13,确信,0.8188486659301238
1958,14,后盾,0.8042059176253354
1958,15,保家卫国,0.7912863397974614
1958,16,不惜牺牲,0.7888282157170396
1958,17,必定会,0.781113810236719
1958,18,铁拳,0.7749860575831427
1958,19,获得胜利,0.7710006046325939
1958,20,深切,0.7575636000717194
1959,1,人民,0.9999999999999998
1959,2,正义斗争,0.870347233798946
1959,3,全力支持,0.8467462913316215
1959,4,深信,0.8305952917901106
1959,5,寄予,0.8197749468849606
1959,6,解放事业,0.807271521034909
1959,7,和光荣,0.797846011632017
1959,8,统一祖国,0.7925274119248215
1959,9,同情,0.7897372943629132
1959,10,争取和平,0.7853626494032055
1959,11,坚信,0.7820540337669969
1959,12,正义事业,0.7812741625595789
1959,13,全世界,0.7806417763516056
1959,14,支持,0.762561743558445
1959,15,深切,0.7571198297960315
1959,16,呼声,0.7453728073752324
1959,17,爱好和平,0.741743588596325
1959,18,英勇斗争,0.7395021923717553
1959,19,必将,0.7371061522500817
1959,20,进步人士,0.7231078816015163
1960,1,人民,1.0
1960,2,正义斗争,0.8900931700378876
1960,3,主持正义,0.8863313546489233
1960,4,坚信,0.8689270514041877
1960,5,英勇斗争,0.8675231960101965
1960,6,同情,0.8664993839647931
1960,7,正义,0.8652002088879726
1960,8,支持,0.8482976970690447
1960,9,团结起来,0.8441688032934102
1960,10,不屈不挠,0.8370653367263344
1960,11,广泛支持,0.8370191030190375
1960,12,坚强意志,0.8346445259211844
1960,13,全力支持,0.8265491576578479
1960,14,终将,0.8154374544741655
1960,15,全世界,0.8081421887302146
1960,16,英勇,0.799253375849823
1960,17,坚强不屈,0.7973307816479626
1960,18,正义事业,0.7958672742990781
1960,19,声援,0.7952843173780615
1960,20,反对,0.7951601760239948
1961,1,人民,1.0
1961,2,同情,0.8929564040131815
1961,3,正义斗争,0.8779390559035501
1961,4,英勇斗争,0.8756306186912204
1961,5,全力支持,0.870783742143045
1961,6,反侵略,0.8660419585701846
1961,7,坚强意志,0.8639680541510646
1961,8,兄弟姐妹,0.8636103001103695
1961,9,深切,0.859883316053028
1961,10,正义,0.8579381964262058
1961,11,坚信,0.8545550505177077
1961,12,广泛支持,0.8494305717040288
1961,13,支持,0.8435433855847994
1961,14,正义事业,0.8420063480665287
1961,15,声援,0.8212747349055285
1961,16,主持正义,0.8177724532807595
1961,17,深信,0.8169576183382926
1961,18,表示同情,0.8151391428006567
1961,19,获得胜利,0.8135643579697445
1961,20,确信,0.802806921731464
1962,1,人民,1.0
1962,2,英勇斗争,0.8930393077421515
1962,3,坚信,0.8743177230083414
1962,4,同情,0.8732246298226539
1962,5,正义事业,0.8703947655807616
1962,6,坚强意志,0.8635357869484904
1962,7,深切,0.8632231337277603
1962,8,正义斗争,0.8621045986484539
1962,9,六亿五千万,0.843675670024666
1962,10,全力支持,0.8362210472328362
1962,11,深信,0.8307977865116537
1962,12,主持正义,0.8307032023877126
1962,13,万众一心,0.8300645713150796
1962,14,必将,0.8201635823070179
1962,15,斗争,0.819951657416329
1962,16,爱好和平,0.8118328164666129
1962,17,不屈不挠,0.8058218485071162
1962,18,解放,0.8042965424042844
1962,19,积极支持,0.8025183334286877
1962,20,毫无保留,0.8023053847765839
1963,1,人民,1.0
1963,2,正义斗争,0.8851997307379564
1963,3,全力支持,0.8819074919628627
1963,4,六亿五千万,0.8719619152438592
1963,5,支持,0.8664944094961005
1963,6,同情,0.8636180716489079
1963,7,衷心感谢,0.8550210500819257
1963,8,英勇斗争,0.8533535596928336
1963,9,主持正义,0.8363675220744695
1963,10,坚信,0.8355650655975773
1963,11,积极支持,0.8282790550108645
1963,12,正义事业,0.8166876053942353
1963,13,紧密团结,0.8116652231413028
1963,14,坚强意志,0.7928234969414053
1963,15,敬佩,0.789267054317287
1963,16,解放事业,0.7823316605623551
1963,17,朝鲜政府,0.7751940536436644
1963,18,正义,0.7682066734632518
1963,19,一如既往,0.7675863851002322
1963,20,永远,0.7674119711999938
1964,1,人民,1.0
1964,2,坚信,0.9017931176084363
1964,3,同情,0.896891871768558
1964,4,正义事业,0.8935799443585322
1964,5,支持,0.8885187496194336
1964,6,五大洲,0.8839995574326711
1964,7,六亿五千万,0.8811541603316433
1964,8,正义斗争,0.8798669401862838
1964,9,无保留地,0.8756339666865738
1964,10,英勇斗争,0.8667820572612396
1964,11,全力支持,0.8651336164157357
1964,12,正义,0.8636438232452315
1964,13,鼓舞,0.8631009382179763
1964,14,全世界,0.8363193921365655
1964,15,后盾,0.8345175268260621
1964,16,钦佩,0.8341239021058896
1964,17,统一祖国,0.8196794425820533
1964,18,兄弟姐妹,0.8169316262477235
1964,19,爱好和平,0.8143979899896222
1964,20,公敌,0.8139267261669544
1965,1,人民,0.9999999999999998
1965,2,全力支持,0.9147362469907859
1965,3,无保留地,0.8975789051458555
1965,4,正义斗争,0.8967754814962638
1965,5,强有力,0.8928443717570631
1965,6,兄弟姐妹,0.8751404713584968
1965,7,后盾,0.8729817624302225
1965,8,正义事业,0.8643311929483026
1965,9,同情,0.8613460189726295
1965,10,正义,0.8480982135653358
1965,11,誓作,0.8471696823394484
1965,12,声援,0.8467550772384265
1965,13,坚定不移,0.844614054891856
1965,14,英勇斗争,0.8406961096796324
1965,15,全世界,0.8369788994163552
1965,16,毫无保留,0.8366662636620199
1965,17,卫国,0.8318645506314986
1965,18,庄严宣告,0.829263139436219
1965,19,支持,0.8283601912580252
1965,20,坚信,0.8135184535667472
1966,1,人民,1.0
1966,2,莫大,0.8538681196087745
1966,3,看作,0.8314224262468347
1966,4,正义事业,0.8262652485587481
1966,5,革命斗争,0.8248991132238729
1966,6,支持,0.8185306930435685
1966,7,一如既往,0.8129479059966974
1966,8,深信,0.8083547691429716
1966,9,全世界,0.806733532875749
1966,10,毫无保留,0.806423977992301
1966,11,解放事业,0.8051508552642657
1966,12,全力支持,0.7946544949255492
1966,13,始终不渝,0.7843660651014561
1966,14,正义斗争,0.7823917844231232
1966,15,确信,0.7800137237095599
1966,16,兄弟姐妹,0.7653208369956142
1966,17,六亿五千万,0.763033407510223
1966,18,正义战争,0.7589339204321464
1966,19,义不容辞,0.7585793654077195
1966,20,坚信,0.7581993409060332
1967,1,人民,1.0
1967,2,亚洲各国,0.8385083197808729
1967,3,亚非拉,0.8244054494647339
1967,4,爱好,0.8140302677701092
1967,5,主持正义,0.8013746743276936
1967,6,一如既往,0.7936277283738057
1967,7,解放事业,0.7932279032273961
1967,8,看作,0.7845673314018906
1967,9,爱好和平,0.7827851243988542
1967,10,全力支持,0.7756091601064163
1967,11,正义战争,0.7750948228775941
1967,12,全世界,0.7649421962623477
1967,13,被压迫,0.7567199113319723
1967,14,正义斗争,0.7544085549565502
1967,15,同情,0.7451982250112608
1967,16,始终不渝,0.7401148621506584
1967,17,各国,0.7252033177821418
1967,18,毫无保留,0.7228937091240962
1967,19,反帝,0.7216198922560169
1967,20,革命斗争,0.7201395134603166
1968,1,人民,1.0
1968,2,头号敌人,0.8571404870704505
1968,3,深信,0.8521437353968712
1968,4,亚非拉,0.8492758416740325
1968,5,各国,0.8428367691001957
1968,6,解放事业,0.836815047379676
1968,7,必将,0.8317132170494586
1968,8,全世界,0.8245324962672107
1968,9,敬佩,0.8205743141519459
1968,10,钦佩,0.8108244378241019
1968,11,爱好,0.8077252663913574
1968,12,民族解放,0.8071425964794946
1968,13,革命斗争,0.8063977047395096
1968,14,爱好和平,0.7893696438712878
1968,15,公敌,0.7803710967372159
1968,16,亚洲各国,0.770312479597671
1968,17,无产者,0.7689776713031935
1968,18,反帝,0.7634703369562619
1968,19,确信,0.763320211016994
1968,20,世界,0.7534671547128454
1969,1,人民,1.0
1969,2,全世界,0.8855597365115936
1969,3,进步力量,0.8693681936694697
1969,4,饶过,0.8676132294457963
1969,5,革命斗争,0.8667248954441076
1969,6,各国,0.8574960148037165
1969,7,反帝,0.8568392907291004
1969,8,必将,0.8527829397891729
1969,9,被压迫,0.8394669534904611
1969,10,压迫者,0.8334424478861939
1969,11,世界,0.8257741084047852
1969,12,坚信,0.8199096072233221
1969,13,莫大,0.8172254872837765
1969,14,无产者,0.8118253833216442
1969,15,深信,0.8074489227511502
1969,16,强有力,0.7940204521017588
1969,17,一如既往,0.7935206202618361
1969,18,毫无疑义,0.7874507896195451
1969,19,向往,0.7839348142891465
1969,20,死敌,0.7828555592752302
1970,1,人民,0.9999999999999999
1970,2,同仇敌忾,0.9028468778424997
1970,3,全世界,0.8987220965624318
1970,4,加强团结,0.891760711396937
1970,5,革命斗争,0.8905597721198713
1970,6,强有力,0.890092406936078
1970,7,坚信,0.8807091728528917
1970,8,一如既往,0.8801698812771036
1970,9,紧密团结,0.8800217686898821
1970,10,誓作,0.8761997950771443
1970,11,正义事业,0.8712733668441502
1970,12,头号敌人,0.8685332028954426
1970,13,正义斗争,0.8546390175290939
1970,14,支持,0.8522637920877465
1970,15,全力以赴,0.8509899560182845
1970,16,统一战线,0.8418581024363616
1970,17,走狗,0.8367109435619455
1970,18,赢得,0.8354819681828545
1970,19,全力支持,0.8290312487888369
1970,20,三国,0.8280269030058136
1971,1,人民,0.9999999999999999
1971,2,全力支持,0.9196510877944204
1971,3,竭尽全力,0.9150472935565181
1971,4,声援,0.899352689439241
1971,5,积极支持,0.8893978390123186
1971,6,正义事业,0.8860564836295548
1971,7,强有力,0.8829810775053639
1971,8,一如既往,0.8753077422759913
1971,9,给予,0.8738344560708049
1971,10,正义斗争,0.871898030056123
1971,11,珍视,0.8607791757643087
1971,12,同情,0.8589259515897166
1971,13,坚信,0.8506456038156069
1971,14,竭尽,0.8448240655971166
1971,15,支持,0.8360863843464694
1971,16,始终不渝,0.8339880939000308
1971,17,紧密团结,0.8218329454636587
1971,18,必胜,0.8203987158588057
1971,19,毫无保留,0.8167700494404562
1971,20,五千万,0.8055607609754689
1972,1,人民,0.9999999999999998
1972,2,兄弟,0.9064915561405305
1972,3,始终不渝,0.8882658603780104
1972,4,同情,0.8867881303760589
1972,5,声援,0.8829336576749428
1972,6,毫无保留,0.8810976028620039
1972,7,强有力,0.8805127180773523
1972,8,竭尽全力,0.871982395123964
1972,9,一如既往,0.8640511729530154
1972,10,钦佩,0.8555976026509677
1972,11,正义事业,0.8520600598921011
1972,12,支持,0.8345556499217346
1972,13,深信,0.829185079783844
1972,14,正义斗争,0.8266078247973347
1972,15,后盾,0.8133340186955297
1972,16,全力支持,0.8102248187551784
1972,17,衷心感谢,0.8098659869515861
1972,18,一贯,0.7937263918079299
1972,19,坚信,0.7928494544474932
1972,20,加强团结,0.7891166733389128
1973,1,人民,1.0
1973,2,正义事业,0.8940095303793505
1973,3,紧密团结,0.8739806864080075
1973,4,全国同胞,0.8718851067912254
1973,5,必定,0.8679010072746391
1973,6,抗战,0.863425849058928
1973,7,坚信,0.8570941628077828
1973,8,巨大胜利,0.8523029023279285
1973,9,必胜,0.850857233819257
1973,10,一如既往,0.8411834047621023
1973,11,始终不渝,0.8386797163589061
1973,12,强有力,0.8378845397062988
1973,13,英勇斗争,0.8226244076814372
1973,14,爱戴,0.8172360721524506
1973,15,正义斗争,0.8172181133771198
1973,16,同情,0.8106551753679148
1973,17,钦佩,0.8097484680748172
1973,18,不可动摇,0.8090293466279661
1973,19,全世界,0.8025104244313465
1973,20,正义战争,0.7999899228714855
1974,1,人民,1.0
1974,2,一如既往,0.8703248061719655
1974,3,同情,0.8462191011553892
1974,4,正义斗争,0.8457870477319432
1974,5,声援,0.8380022012066568
1974,6,深信,0.8342460682262007
1974,7,解放事业,0.8254302699160613
1974,8,革命斗争,0.8248455693357789
1974,9,反帝,0.8216351842563825
1974,10,钦佩,0.8202551568043532
1974,11,被压迫,0.817847642679234
1974,12,全世界,0.8112893118267637
1974,13,正义事业,0.8065284538369557
1974,14,互相支持,0.8061709805120774
1974,15,全力支持,0.7963605946682041
1974,16,始终不渝,0.7927070553063367
1974,17,印度支那,0.7857325509193186
1974,18,坚信,0.7825185747701928
1974,19,进步力量,0.776318123153112
1974,20,紧密团结,0.7728341073742445
1975,1,人民,1.0
1975,2,一如既往,0.8664600996737457
1975,3,正义斗争,0.8600989371302238
1975,4,正义事业,0.8586354190456683
1975,5,一向,0.85113996543084
1975,6,印支,0.8463881694114876
1975,7,全世界,0.8438862901556358
1975,8,声援,0.842226906422738
1975,9,坚信,0.8397816909409739
1975,10,必定,0.8364541647582246
1975,11,解放事业,0.814672737363056
1975,12,神圣,0.8136778922782038
1975,13,革命斗争,0.8120709911123494
1975,14,历史性,0.8093850286625894
1975,15,竭尽全力,0.7921750367732096
1975,16,正义战争,0.778963773000946
1975,17,篇章,0.7754746973440632
1975,18,钦佩,0.7747130384446961
1975,19,爱好和平,0.7699118096020272
1975,20,三千里,0.7657949401326536
1976,1,人民,1.0
1976,2,同情,0.891714065316487
1976,3,支持者,0.8789627929641082
1976,4,爱好和平,0.8775103216401225
1976,5,怀有,0.8439520182932571
1976,6,兄弟,0.842567470249327
1976,7,一如既往,0.8420090784964214
1976,8,正义事业,0.8410197704424627
1976,9,深信,0.8365017813593628
1976,10,正义斗争,0.8076865433095721
1976,11,党和政府,0.7943956903589093
1976,12,主持正义,0.79371515408524
1976,13,声援,0.7832015900171001
1976,14,解放,0.7826571338029884
1976,15,热忱,0.7649721144271294
1976,16,尊严,0.7609516685439739
1976,17,正义,0.7485499080540535
1976,18,不可动摇,0.7484877855431348
1976,19,爱国者,0.7476803077746339
1976,20,巴基斯坦政府,0.7453736924199057
1977,1,人民,1.0
1977,2,解放,0.7591756602289438
1977,3,迫切愿望,0.7585696588397749
1977,4,正义事业,0.7555579327865216
1977,5,正义斗争,0.7550510370663495
1977,6,深情厚谊,0.7493107799150782
1977,7,意愿,0.7476811541031549
1977,8,爱好和平,0.7450176698372927
1977,9,勤劳勇敢,0.736453796848134
1977,10,一如既往,0.7307432006609867
1977,11,怀有,0.7264737959658536
1977,12,珍视,0.7158404654882404
1977,13,不畏强暴,0.6966258846142199
1977,14,解放事业,0.6954031958409489
1977,15,全世界,0.6941292056005393
1977,16,根本利益,0.6935186161523953
1977,17,我愿,0.6857915023392813
1977,18,热爱祖国,0.6849074491639624
1977,19,前赴后继,0.6731895694320955
1977,20,主持正义,0.6728964813995726
1978,1,人民,0.9999999999999998
1978,2,同情,0.8542909895957242
1978,3,正义事业,0.8438819692470751
1978,4,被压迫,0.8236702951792849
1978,5,珍视,0.8169361069780561
1978,6,深情厚谊,0.8155492834297615
1978,7,声援,0.8104277075951707
1978,8,情谊,0.8077637262565417
1978,9,解放事业,0.8056952025303606
1978,10,赢得,0.8055342862869037
1978,11,一如既往,0.7993669044020519
1978,12,正义斗争,0.7951202707187098
1978,13,民族解放,0.7842323841432903
1978,14,兄弟,0.7827007741622498
1978,15,互相支持,0.7799857655318997
1978,16,友好使者,0.7776976966584856
1978,17,竭尽全力,0.776471682713064
1978,18,正义,0.7729572481550537
1978,19,愿望,0.7698760912897947
1978,20,积极支持,0.7687580273964614
1979,1,人民,1.0
1979,2,同情,0.8405399163903677
1979,3,声援,0.8321954428946186
1979,4,始终不渝,0.8041818775103969
1979,5,一如既往,0.7977546312362811
1979,6,重建家园,0.773892538294809
1979,7,正义斗争,0.7642027955186905
1979,8,珍视,0.759960086181452
1979,9,取得胜利,0.7583077252126424
1979,10,深厚,0.7545249359513905
1979,11,正义事业,0.7507719524196631
1979,12,英勇斗争,0.7469817000141175
1979,13,深重,0.718475994373547
1979,14,解放事业,0.7103826057588949
1979,15,意愿,0.7071231167413817
1979,16,主持正义,0.7065809859728243
1979,17,支持,0.7062439069847612
1979,18,民族解放,0.6944234648053923
1979,19,被压迫,0.6873906397512357
1979,20,勤务员,0.6817404688148452
1980,1,人民,1.0
1980,2,同情,0.8991751829306549
1980,3,民族解放,0.8558681740379013
1980,4,声援,0.8526887465961008
1980,5,正义斗争,0.838535502813827
1980,6,一如既往,0.8273683708107222
1980,7,正义事业,0.818839584323933
1980,8,长期斗争,0.816095050715385
1980,9,反侵略,0.8158016266392281
1980,10,愿望,0.8017134256385561
1980,11,解放事业,0.7929826701454161
1980,12,命运,0.7927520188595505
1980,13,被压迫,0.7813225772332014
1980,14,同声,0.7804136693992814
1980,15,反殖,0.7769441782065252
1980,16,并肩战斗,0.7716421650939922
1980,17,怀有,0.7666621849048401
1980,18,不屈不挠,0.7605749378845541
1980,19,支持,0.7586889677991467
1980,20,进步力量,0.7506880980654653
1981,1,人民,1.0
1981,2,同情,0.8602675685249681
1981,3,钦佩,0.8372809776266144
1981,4,怀有,0.8332244621648857
1981,5,解放事业,0.8201810335318347
1981,6,深情厚谊,0.8153178760705213
1981,7,爱戴,0.8150462822548656
1981,8,进步事业,0.813146707968392
1981,9,一如既往,0.8111486765094041
1981,10,始终不渝,0.810374972081076
1981,11,被压迫,0.8086544544549206
1981,12,深信,0.8084317914310175
1981,13,伟大领袖,0.8025490223581628
1981,14,英勇斗争,0.7889739504906554
1981,15,永远,0.786071484512001
1981,16,正义,0.7828942996775782
1981,17,长期斗争,0.7804951865483535
1981,18,衷心,0.7747417787675435
1981,19,正义事业,0.7738277924012379
1981,20,各族人民,0.7720140955328025
1982,1,人民,1.0
1982,2,同情,0.81981035480313
1982,3,一如既往,0.8111307616067562
1982,4,正义斗争,0.7780232895922166
1982,5,解放事业,0.762273843359951
1982,6,正义事业,0.7468519849608571
1982,7,解放,0.7438589519968506
1982,8,收复失地,0.7329545617777034
1982,9,始终不渝,0.7304421464116563
1982,10,不畏强暴,0.7257127901859615
1982,11,民族解放,0.7247785330383731
1982,12,英勇斗争,0.7070667579766938
1982,13,根本利益,0.7068149515139592
1982,14,主持正义,0.6986733592621572
1982,15,珍视,0.695117675674455
1982,16,保卫国家,0.6944682504327923
1982,17,支持,0.6923041697051664
1982,18,正义,0.6845740725882681
1982,19,一员,0.6832432310870399
1982,20,反侵略,0.6817185067084617
1983,1,人民,1.0
1983,2,正义事业,0.9002730654794229
1983,3,一如既往,0.8940142218745919
1983,4,深情厚谊,0.8875788412186933
1983,5,衷心祝愿,0.8697380463539661
1983,6,爱好和平,0.8618466206553783
1983,7,同情,0.8610493321613277
1983,8,声援,0.8588967949363724
1983,9,民族解放,0.8582136137320289
1983,10,始终不渝,0.8562680076825979
1983,11,正义斗争,0.855102988935386
1983,12,英勇斗争,0.8532185326493021
1983,13,珍视,0.84928934997242
1983,14,主持正义,0.8395798696977725
1983,15,支持,0.8339275334182349
1983,16,被压迫,0.8314868687617853
1983,17,捍卫,0.8231047463814174
1983,18,解放,0.8014571085736768
1983,19,钦佩,0.7988007816441492
1983,20,衷心希望,0.7917225643937205
1984,1,人民,1.0
1984,2,衷心感谢,0.896997734777971
1984,3,同情,0.8827377044287417
1984,4,深情厚谊,0.8808821940329076
1984,5,珍视,0.8764545707880389
1984,6,一如既往,0.8660053815722748
1984,7,衷心祝愿,0.8633341762488498
1984,8,正义事业,0.8561186836579058
1984,9,始终不渝,0.8528411783636348
1984,10,怀有,0.850668701889405
1984,11,声援,0.8396285539342088
1984,12,我谨,0.8355439777432367
1984,13,正义斗争,0.8274044291585139
1984,14,兄弟,0.8214538759071917
1984,15,伟大领袖,0.8187519585731653
1984,16,被压迫,0.8124383576459924
1984,17,主持正义,0.8105792138361574
1984,18,勤劳勇敢,0.8091265135418133
1984,19,一贯,0.8039691996318896
1984,20,英勇斗争,0.7976712804950632
1985,1,人民,1.0
1985,2,同情,0.8611590472283626
1985,3,一如既往,0.8184852616423139
1985,4,取得胜利,0.7940961816945722
1985,5,声援,0.790474636746707
1985,6,被压迫,0.773708687391826
1985,7,正义事业,0.7718803361880986
1985,8,正义斗争,0.7716803483360806
1985,9,支持,0.7715318763890864
1985,10,怀有,0.761467488293329
1985,11,解放事业,0.7550686199399576
1985,12,反侵略,0.7536126038515014
1985,13,加强团结,0.748608612046355
1985,14,深情厚谊,0.745891450683765
1985,15,英勇斗争,0.7367116321128355
1985,16,斗争,0.7302556088678218
1985,17,艰苦卓绝,0.7187712751830704
1985,18,主持正义,0.7084048754907122
1985,19,捍卫,0.6997288586952404
1985,20,民族解放,0.6947404485911237
1986,1,人民,0.9999999999999999
1986,2,声援,0.8944667082471586
1986,3,英勇斗争,0.8650855884524087
1986,4,同情,0.8637480394736288
1986,5,主持正义,0.8408448365287903
1986,6,民族解放,0.8375306272673283
1986,7,一如既往,0.8292051288978157
1986,8,正义斗争,0.8277713279644929
1986,9,解放运动,0.8191246597645732
1986,10,斗争,0.8171611746940022
1986,11,努乔马,0.8108431127433345
1986,12,感谢,0.8088574611264787
1986,13,正义事业,0.7983858163389745
1986,14,决不会,0.7764356920642064
1986,15,支持,0.7750687873196939
1986,16,钦佩,0.7744945051993317
1986,17,神圣,0.7625016263534301
1986,18,广泛支持,0.7528490168629148
1986,19,借此机会,0.7486464568598037
1986,20,党和政府,0.7444493308335114
1987,1,人民,1.0
1987,2,同情,0.8332158559283216
1987,3,民族解放,0.8105590603278147
1987,4,一如既往,0.8000047807403876
1987,5,正义斗争,0.7950299272722642
1987,6,正义事业,0.7945828645478792
1987,7,珍视,0.7775357358920394
1987,8,民族利益,0.7582775949588698
1987,9,捍卫,0.7552911565768765
1987,10,我愿,0.7409688224230224
1987,11,忘记,0.7367767523044695
1987,12,主持正义,0.7322757578721472
1987,13,不懈努力,0.7243800804224495
1987,14,团结起来,0.7242776382369107
1987,15,英勇斗争,0.7239990916581585
1987,16,正义,0.7237962803105695
1987,17,道义,0.7220666068302474
1987,18,根本利益,0.7169775679186439
1987,19,团结合作,0.7149082114586055
1987,20,繁荣昌盛,0.7122011277211202
1988,1,人民,1.0
1988,2,一如既往,0.8312082127109136
1988,3,民族解放,0.8143620436558938
1988,4,全力支持,0.8142113988608407
1988,5,英勇斗争,0.8136925818494662
1988,6,支持,0.8049869438561428
1988,7,主持正义,0.7987028895243955
1988,8,正义斗争,0.7947370750281972
1988,9,声援,0.7942035641893557
1988,10,自决权,0.7751401143793744
1988,11,国家主权,0.7609396478200862
1988,12,独立国家,0.7547659099110797
1988,13,加强团结,0.745790381980072
1988,14,赞扬,0.7436071597713054
1988,15,捍卫,0.7290765501780326
1988,16,斗争,0.7216810629166667
1988,17,生命财产,0.7126460844409995
1988,18,反对,0.7031637003928591
1988,19,爱好和平,0.702334028557891
1988,20,殖民主义,0.6967064372099161
1989,1,人民,1.0
1989,2,民主专政,0.7398170792123628
1989,3,长期斗争,0.7244045485869012
1989,4,重大胜利,0.718597513234623
1989,5,根本利益,0.7149456012476666
1989,6,捍卫者,0.7109777665140264
1989,7,正义事业,0.7107914052664656
1989,8,信赖,0.7092891841001746
1989,9,正义斗争,0.7088550736764562
1989,10,心愿,0.7076166384292224
1989,11,柱石,0.704790498511026
1989,12,共同愿望,0.7038297331883473
1989,13,团结起来,0.7034917711491521
1989,14,怀有,0.7022939123621862
1989,15,钢铁长城,0.6863257011316619
1989,16,各族人民,0.6846735146518371
1989,17,不愧为,0.6830806610839639
1989,18,依靠人民,0.6790444774453084
1989,19,完全符合,0.6778102517093676
1989,20,伟大胜利,0.6653845706056066
1990,1,人民,1.0
1990,2,真诚地,0.8434917332561622
1990,3,爱戴,0.8009527166008421
1990,4,忠实,0.7968085348677361
1990,5,愿望,0.7816671152772054
1990,6,依靠人民,0.7814596453395
1990,7,宗旨,0.7813586577348053
1990,8,血肉,0.7543011630044419
1990,9,根本宗旨,0.7494518031489749
1990,10,各族人民,0.7476857287910095
1990,11,谋利益,0.7461372166997108
1990,12,解放事业,0.7424479921393354
1990,13,重托,0.7322972719024762
1990,14,正义事业,0.7282715243373612
1990,15,亿万人民,0.7183765695422322
1990,16,意愿,0.716763317591164
1990,17,怀有,0.7157609107769909
1990,18,团结起来,0.715730500897554
1990,19,殷切期望,0.7155074005867907
1990,20,拥戴,0.7140874829402768
1991,1,人民,0.9999999999999999
1991,2,情谊,0.7940975666267387
1991,3,怀有,0.781699883560663
1991,4,深情厚谊,0.7734366449643602
1991,5,同甘共苦,0.7381407177288613
1991,6,保卫国家,0.7294769365682233
1991,7,依靠人民,0.7198281877995845
1991,8,英勇斗争,0.7168834873811579
1991,9,不屈不挠,0.7156513542062606
1991,10,民族解放,0.7057627156598757
1991,11,幸福生活,0.7056870519650841
1991,12,老朋友,0.7052614190476594
1991,13,衷心祝愿,0.7023189723560024
1991,14,谋利益,0.6934314489263333
1991,15,各族人民,0.6898688594865867
1991,16,根本宗旨,0.6753899202065733
1991,17,不可磨灭,0.6672608178488052
1991,18,血肉,0.6661476455257167
1991,19,忘记,0.6651237052443193
1991,20,赞扬,0.6567498570932118
1992,1,人民,1.0
1992,2,共命运,0.763839218206108
1992,3,怀有,0.7426583001966995
1992,4,爱戴,0.7370085355216598
1992,5,情谊,0.7331320766937255
1992,6,勤劳,0.7060787261690155
1992,7,深厚,0.6966906560475402
1992,8,各族人民,0.6936585042482417
1992,9,息息相关,0.692220811909626
1992,10,幸福,0.6902480193287893
1992,11,拥护,0.6890184453774525
1992,12,血肉,0.6890020176243763
1992,13,中来,0.6855183589635925
1992,14,安居乐业,0.6777179661290502
1992,15,愿望,0.6758332806336587
1992,16,根本利益,0.6757247926397433
1992,17,衷心,0.6756534979586952
1992,18,生命财产,0.665428595847209
1992,19,亿万人民,0.648815565662387
1992,20,正义斗争,0.6273857828286706
1993,1,人民,0.9999999999999999
1993,2,正义事业,0.7889666565555232
1993,3,民主专政,0.7768509988228285
1993,4,不遗余力,0.7486668202712425
1993,5,爱戴,0.7458592988577771
1993,6,信赖,0.7388853971887074
1993,7,心连心,0.7212150274820062
1993,8,怀有,0.7132828395194092
1993,9,当家作主,0.706951420589113
1993,10,亿万人民,0.7047389878035701
1993,11,解放事业,0.7001611772508503
1993,12,安居乐业,0.6903427712805394
1993,13,一如既往,0.6855365811190559
1993,14,各族人民,0.6783286142969348
1993,15,内部矛盾,0.6750334725298102
1993,16,衷心祝愿,0.6749373367980573
1993,17,殷切,0.6582546467017758
1993,18,忠诚,0.6540365811242015
1993,19,光辉业绩,0.6448967742785432
1993,20,伟大领袖,0.6403377334962981
1994,1,人民,1.0
1994,2,衷心,0.7945667506046046
1994,3,爱戴,0.7856427567122162
1994,4,热忱,0.7714870811554786
1994,5,血肉,0.769535796040245
1994,6,高度赞扬,0.7628530643482941
1994,7,时刻,0.7581539563382929
1994,8,子弟兵,0.747701290869651
1994,9,拥护,0.7392659710737752
1994,10,谋利益,0.7348371747590554
1994,11,疾苦,0.7324336517754939
1994,12,人民共和国,0.7242845344821836
1994,13,由衷,0.7218178307688432
1994,14,各族人民,0.7048042362624265
1994,15,党和政府,0.7031353695008307
1994,16,民心,0.7003920404875987
1994,17,群众,0.6953691919475433
1994,18,冷暖,0.6896846844920049
1994,19,呼声,0.6851668123781494
1994,20,中去,0.6826892981231656
1995,1,人民,1.0000000000000002
1995,2,共命运,0.7865587685375871
1995,3,怀有,0.770094577353212
1995,4,亿万人民,0.7629322580626634
1995,5,同呼吸,0.7608580778687853
1995,6,借此机会,0.7547331608340047
1995,7,心声,0.7533618753283248
1995,8,解放事业,0.7292810170287434
1995,9,愿望,0.7281880632132522
1995,10,前赴后继,0.7227304469209785
1995,11,英勇斗争,0.7212721554275714
1995,12,爱好和平,0.7170154207369874
1995,13,衷心祝愿,0.7081085385221352
1995,14,正义事业,0.6937313630117165
1995,15,民主专政,0.6895808787435584
1995,16,同甘共苦,0.6826809360769567
1995,17,党和政府,0.6713741854903419
1995,18,拥戴,0.6689487900313608
1995,19,谋利益,0.662179183978042
1995,20,浴血,0.6585874639647035
1996,1,人民,1.0
1996,2,子弟兵,0.8353531019187015
1996,3,共命运,0.8166640377065075
1996,4,爱戴,0.8082590065201551
1996,5,同呼吸,0.8064287926853625
1996,6,拥护,0.7864732460874956
1996,7,尊敬,0.7697775755906708
1996,8,始终如一,0.7680366617535304
1996,9,深情厚谊,0.7644120903800069
1996,10,真诚地,0.7641156327028116
1996,11,党和政府,0.7636084291543142
1996,12,衷心,0.7559952810505512
1996,13,忘记,0.7362168401400463
1996,14,怀有,0.7354493259312577
1996,15,依靠人民,0.7309233696262315
1996,16,同甘共苦,0.7225603328213328
1996,17,党同,0.7166146012460046
1996,18,根本宗旨,0.7054806949976441
1996,19,拥戴,0.7023355074038901
1996,20,谋利益,0.6982532525590059
1997,1,人民,1.0000000000000002
1997,2,依靠人民,0.8309913770571177
1997,3,党和政府,0.8233325225180921
1997,4,血肉,0.8043071084055423
1997,5,共命运,0.7916143472824149
1997,6,谋利益,0.7873633698578869
1997,7,同呼吸,0.780637474977873
1997,8,宗旨,0.7569040073700434
1997,9,根本宗旨,0.7549617077496401
1997,10,爱戴,0.7506527646640643
1997,11,同甘共苦,0.7500873358509275
1997,12,拥护,0.7460438049546565
1997,13,打成一片,0.7425228508577906
1997,14,解放事业,0.7402953731005275
1997,15,之所想,0.7366098466570682
1997,16,群众,0.7361725036104576
1997,17,怀有,0.7333724476208564
1997,18,党同,0.7332261753885224
1997,19,放在心上,0.7198662527695188
1997,20,拥戴,0.7197638316817964
1998,1,人民,1.0
1998,2,同呼吸,0.8390814778411301
1998,3,信赖,0.7943014524573886
1998,4,共命运,0.7915917153740427
1998,5,心连心,0.7876379580773152
1998,6,不愧为,0.7838200656091925
1998,7,血肉,0.7834300313408111
1998,8,子弟兵,0.7805021367867887
1998,9,生命财产,0.7730599159966491
1998,10,亿万人民,0.7697747512061278
1998,11,拥戴,0.7644070643033175
1998,12,保卫国家,0.760581577343252
1998,13,爱戴,0.7318315250251023
1998,14,高度负责,0.7269456411527226
1998,15,根本宗旨,0.7250993170654217
1998,16,团结一心,0.7032002771115635
1998,17,可以信赖,0.6988415436850854
1998,18,和平时期,0.6957129174230599
1998,19,团结起来,0.6956475587801603
1998,20,充分说明,0.6913836919284692
1999,1,人民,1.0
1999,2,心声,0.7856556469278186
1999,3,侮,0.7853942616722521
1999,4,深厚感情,0.7756285187020736
1999,5,怀有,0.7638835133392472
1999,6,深情厚谊,0.7381809724583963
1999,7,爱戴,0.7225645782177745
1999,8,正义斗争,0.720310640873618
1999,9,正义事业,0.6863792587264363
1999,10,党和政府,0.6731272443234102
1999,11,各族人民,0.6668454938981663
1999,12,声援,0.6651968836102538
1999,13,依靠人民,0.664016433354283
1999,14,当家作主,0.6601768353615323
1999,15,流血牺牲,0.6584208154386353
1999,16,谋利益,0.654385770611234
1999,17,爱好和平,0.649392104694365
1999,18,根本利益,0.6418470195408339
1999,19,赤诚,0.6394880458616712
1999,20,主持正义,0.6246454085649074
2000,1,人民,1.0
2000,2,拥护,0.8137045816054075
2000,3,血肉,0.7981723047861347
2000,4,谋利益,0.7886864511458771
2000,5,深厚感情,0.7820321262170127
2000,6,依靠人民,0.7745519083336447
2000,7,真心,0.7695789091674772
2000,8,归宿,0.7669454095574664
2000,9,党和政府,0.7534293611412939
2000,10,地为,0.7336721414905699
2000,11,民主专政,0.7212197723171205
2000,12,各族人民,0.7126756937715404
2000,13,放在心上,0.6973363718640213
2000,14,全心全意,0.694819118929787
2000,15,根本利益,0.6913548462590122
2000,16,真心实意,0.6893051267190051
2000,17,当家作主,0.684320709999713
2000,18,同甘共苦,0.6804649294694172
2000,19,忠实,0.6796223439634352
2000,20,之所急,0.67185561250462
2001,1,人民,0.9999999999999998
2001,2,依靠人民,0.8124255849815581
2001,3,拥护,0.8118140269683001
2001,4,归宿,0.8009795960539331
2001,5,谋利益,0.7922844096225098
2001,6,爱戴,0.7894176837291641
2001,7,共命运,0.7842387779172989
2001,8,党和政府,0.7685452808364441
2001,9,同呼吸,0.7657002528740837
2001,10,主心骨,0.7510310284467532
2001,11,深情厚谊,0.7504960569467752
2001,12,衷心,0.7453002967492278
2001,13,高于一切,0.7426871585656493
2001,14,时刻,0.7418274396820261
2001,15,根本利益,0.7355012686075311
2001,16,出发点,0.7354650265735808
2001,17,一致性,0.7291835839758041
2001,18,愿望,0.7287733638080469
2001,19,群众利益,0.71762252841932
2001,20,真心诚意,0.7106721929298336
2002,1,人民,1.0000000000000002
2002,2,拥护,0.8712994299330186
2002,3,愿望,0.8600934147680714
2002,4,意愿,0.8308593418039427
2002,5,同呼吸,0.8066771812401214
2002,6,共命运,0.8045737630483825
2002,7,血肉,0.8002007299545323
2002,8,依靠人民,0.7965800845825515
2002,9,谋利益,0.7940785587578406
2002,10,怀有,0.7922126654837465
2002,11,根本利益,0.7826755684804245
2002,12,深情厚谊,0.7749485201484636
2002,13,高于一切,0.768289266338225
2002,14,依靠群众,0.7639418514230256
2002,15,深厚感情,0.7626632107092342
2002,16,好权,0.7618098169318372
2002,17,心连心,0.7581398278952174
2002,18,掌好权,0.7579517569396423
2002,19,诚心诚意,0.756457708633276
2002,20,紧要,0.7558390563838964
2003,1,人民,1.0
2003,2,同呼吸,0.8904329144090328
2003,3,血肉,0.8843940560567722
2003,4,共命运,0.8817581639700856
2003,5,心连心,0.871265627782535
2003,6,谋利益,0.8590486840070558
2003,7,拥护,0.855053032592063
2003,8,依靠人民,0.841059738882374
2003,9,党同,0.8282598818635689
2003,10,愿望,0.8249353064613627
2003,11,相信群众,0.8244041034735885
2003,12,密切联系,0.8239761542408485
2003,13,好权,0.81575464830419
2003,14,依靠群众,0.8152564408672143
2003,15,掌好权,0.8141565937223727
2003,16,根本宗旨,0.811352245381183
2003,17,真心诚意,0.8043333861052662
2003,18,根本利益,0.8016594164837625
2003,19,党和政府,0.8013313179865033
2003,20,心系,0.7905550123555836
2004,1,人民,1.0
2004,2,拥护,0.8236179072933989
2004,3,共命运,0.8022839268731632
2004,4,根本宗旨,0.7921052906471495
2004,5,谋利益,0.7905910287061715
2004,6,爱戴,0.7814152838175262
2004,7,意愿,0.772618439460938
2004,8,血肉,0.7707128169304072
2004,9,衷心,0.769764329060519
2004,10,深情厚谊,0.7647639420594863
2004,11,掌好权,0.7609471733660822
2004,12,同呼吸,0.7576634186026223
2004,13,根本利益,0.7556393413279354
2004,14,天职,0.7486467555276871
2004,15,依靠人民,0.7469294619225781
2004,16,怀有,0.7430867398901554
2004,17,民主专政,0.7368341942307459
2004,18,党同,0.7241597042944632
2004,19,人民公仆,0.7240517208707298
2004,20,拥戴,0.7224537255929411
2005,1,人民,1.0
2005,2,血肉,0.7645764096288808
2005,3,深情厚谊,0.7645339752074731
2005,4,务,0.7641855970807616
2005,5,党同,0.7581785846276635
2005,6,谋利益,0.7556085745956218
2005,7,全心全意,0.7470178894728472
2005,8,群众路线,0.746944108464975
2005,9,依靠人民,0.7415441377953944
2005,10,根本利益,0.7354345466456018
2005,11,生命财产,0.7216720785452859
2005,12,衷心祝愿,0.7214406786363544
2005,13,同呼吸,0.7212782814971683
2005,14,密切联系,0.7173660597003619
2005,15,根本宗旨,0.7162824224434587
2005,16,落脚点,0.7116510960665434
2005,17,当家作主,0.7034944616072186
2005,18,拥护,0.6961089120465968
2005,19,党和政府,0.6944831567317178
2005,20,立党为公,0.6858207283114701
2006,1,人民,1.0000000000000002
2006,2,血肉,0.8446708729125427
2006,3,依靠人民,0.8433613329463561
2006,4,拥护,0.8278930782172432
2006,5,同呼吸,0.8122018572532008
2006,6,共命运,0.8090033136890153
2006,7,心连心,0.7911084435430047
2006,8,根本利益,0.7655521468386284
2006,9,热切,0.7498016043264286
2006,10,关心群众,0.7414903016540806
2006,11,谋利益,0.7356329840371676
2006,12,怀有,0.734558585125299
2006,13,深厚感情,0.7324003909673719
2006,14,深情厚谊,0.7294369775960898
2006,15,亿万人民,0.7214921853754527
2006,16,党同,0.7210443310698371
2006,17,放在首位,0.7207163862268322
2006,18,时评,0.7189762288061372
2006,19,疾苦,0.7135478984583354
2006,20,愿望,0.7126949426277367
2007,1,人民,1.0
2007,2,血肉,0.8177038128231057
2007,3,拥护,0.8068486574859262
2007,4,党同,0.8042678639530625
2007,5,出发点,0.7997008281150568
2007,6,同呼吸,0.7969957390259421
2007,7,谋利益,0.7909769498518974
2007,8,共命运,0.7905291868629348
2007,9,爱戴,0.7842118062778574
2007,10,依靠人民,0.7790354435058586
2007,11,心连心,0.7784897767332739
2007,12,全心全意,0.7639742322843908
2007,13,根本利益,0.7598345145191026
2007,14,落脚点,0.7564228104920947
2007,15,愿望,0.7537945013986258
2007,16,心系,0.7444792447151257
2007,17,深厚感情,0.7361668481962765
2007,18,根本宗旨,0.7299173970948025
2007,19,归宿,0.7235839560839205
2007,20,首创精神,0.7192844161808357
2008,1,人民,0.9999999999999998
2008,2,深情厚谊,0.8510312204977836
2008,3,感同身受,0.8141987563088248
2008,4,深厚感情,0.8077006491829962
2008,5,血肉,0.7973798207837518
2008,6,心连心,0.7956698853896789
2008,7,党和政府,0.7864070357645622
2008,8,安危冷暖,0.7811884155154101
2008,9,情谊,0.7810567744775609
2008,10,依靠人民,0.7722702942875486
2008,11,心系,0.7716649673301658
2008,12,共命运,0.7700627895300424
2008,13,子弟兵,0.7571093686567413
2008,14,我谨,0.753831471113106
2008,15,同呼吸,0.7478361023460581
2008,16,怀有,0.7461233611469756
2008,17,真挚,0.7374882136660855
2008,18,无私援助,0.7353193750578998
2008,19,情意,0.7254657199413472
2008,20,愿望,0.7251013478973577
2009,1,人民,1.0
2009,2,拥戴,0.8557305630143228
2009,3,信赖,0.8467895027428515
2009,4,拥护,0.8377797580920217
2009,5,爱戴,0.8342855962594167
2009,6,深厚感情,0.7985466626954997
2009,7,血肉,0.7878582870753006
2009,8,依靠人民,0.7877067140997367
2009,9,谋利益,0.7808819871312311
2009,10,人民公仆,0.7674627798205059
2009,11,子弟兵,0.7631357858128411
2009,12,衷心,0.7603925449891942
2009,13,高于一切,0.7537081508451198
2009,14,群众,0.7520746856429009
2009,15,真心,0.7371789303636882
2009,16,关心群众,0.7286786826117775
2009,17,放在心上,0.7269456136943369
2009,18,生命财产,0.720881591982034
2009,19,根本利益,0.7170718357768158
2009,20,依靠群众,0.7126992059414266
2010,1,人民,1.0
2010,2,同呼吸,0.8250692071257876
2010,3,心连心,0.8234478272276291
2010,4,深厚感情,0.8202169222214508
2010,5,血肉,0.8180695847583391
2010,6,共命运,0.8061319922159127
2010,7,深情厚谊,0.7948658137546356
2010,8,真切感,0.783381419885065
2010,9,根本宗旨,0.7731646247436055
2010,10,依靠人民,0.7657326908961042
2010,11,党同,0.7633403905857684
2010,12,生命财产,0.7633114378260605
2010,13,谋利益,0.7616887119314814
2010,14,时评,0.7610131636062147
2010,15,之所急,0.7451438748322692
2010,16,福祉,0.7432893650111653
2010,17,党和政府,0.7372008079550361
2010,18,全心全意,0.7347967896924787
2010,19,子弟兵,0.7265505432556586
2010,20,高于一切,0.724010679286774
2011,1,人民,1.0
2011,2,同呼吸,0.8380817011642728
2011,3,共命运,0.8322951243324431
2011,4,血肉,0.8174785416645525
2011,5,植根,0.8014528532421925
2011,6,谋福利,0.8006098945807856
2011,7,依靠人民,0.7994815117738788
2011,8,一致性,0.7965947706359372
2011,9,谋利益,0.7906592887915116
2011,10,诚心诚意,0.7762831882731092
2011,11,拥戴,0.7721115391471519
2011,12,党同,0.7705330089947475
2011,13,心连心,0.7499169203301407
2011,14,拥护,0.7482461103325238
2011,15,深情厚谊,0.7401182407977138
2011,16,亿万群众,0.7399017717424083
2011,17,当家做主,0.7381028155634187
2011,18,放在心上,0.732418985820091
2011,19,相信群众,0.7290377815819397
2011,20,美好生活,0.7264577793643492
2012,1,人民,1.0
2012,2,爱戴,0.829544003989832
2012,3,拥护,0.8295294966323079
2012,4,共命运,0.8013320231694938
2012,5,全心全意,0.8011881443216913
2012,6,谋利益,0.8004113532669561
2012,7,依靠人民,0.7970629735671828
2012,8,关心群众,0.7952473101799987
2012,9,同呼吸,0.7843723586169271
2012,10,心连心,0.7808807392733148
2012,11,植根,0.7806978357411472
2012,12,血肉,0.7771095240553338
2012,13,根本宗旨,0.7738302133725246
2012,14,美好生活,0.7651203270628393
2012,15,心心相印,0.7639516664261382
2012,16,根本利益,0.7621463361090387
2012,17,福祉,0.7578775279754062
2012,18,心系,0.7522233658103935
2012,19,愿望,0.7515270913824661
2012,20,深厚感情,0.7441888058099668
2013,1,人民,1.0
2013,2,心心相印,0.8685151181581978
2013,3,同呼吸,0.8609790919441265
2013,4,谋利益,0.8592682374679989
2013,5,共命运,0.8543448350030167
2013,6,全心全意,0.853150631377527
2013,7,依靠人民,0.8404183020022775
2013,8,同甘共苦,0.8367630438907974
2013,9,拥护,0.8317732927336561
2013,10,植根,0.8276876739856155
2013,11,内部矛盾,0.8199036293947589
2013,12,落脚点,0.8153147359653843
2013,13,心连心,0.8118691875868327
2013,14,血肉,0.8090431819087162
2013,15,福祉,0.8081414474562625
2013,16,拥戴,0.8001861927650937
2013,17,紧紧,0.7994405270592361
2013,18,党同,0.7946302353694705
2013,19,深情厚谊,0.7872983164398377
2013,20,美好生活,0.7847496602662565
2014,1,人民,1.0
2014,2,依靠人民,0.8657304342690877
2014,3,同甘共苦,0.8653939201877945
2014,4,全心全意,0.8387299325506375
2014,5,落脚点,0.8371010810354079
2014,6,深情厚谊,0.8315427394752641
2014,7,心心相印,0.8205628893673043
2014,8,共命运,0.8196091909920015
2014,9,同呼吸,0.8153590470655087
2014,10,血肉,0.8114815450118549
2014,11,心连心,0.8037142643546886
2014,12,全体,0.8036123688721842
2014,13,谋利益,0.7912846361959377
2014,14,深厚感情,0.786583939174371
2014,15,子弟兵,0.7809602024283528
2014,16,党同,0.7677675046151969
2014,17,愿望,0.7652556834570953
2014,18,造福,0.7639949362350337
2014,19,拥护,0.763178621715368
2014,20,出发点,0.7599342165573436
2015,1,人民,1.0
2015,2,期盼,0.8274579432148308
2015,3,美好生活,0.796808919238687
2015,4,谋利益,0.7788331814735872
2015,5,依靠人民,0.7637780237827236
2015,6,全心全意,0.7637097044886598
2015,7,福祉,0.7585149295025162
2015,8,同呼吸,0.7577654833575638
2015,9,根本宗旨,0.7477032754274238
2015,10,党同,0.743570944124712
2015,11,拥护,0.7308774497899388
2015,12,共命运,0.7295021847215456
2015,13,根本利益,0.7290056078247759
2015,14,深情厚谊,0.7198819846172051
2015,15,时评,0.7129376401058833
2015,16,密切联系,0.7127964661659267
2015,17,血肉,0.7087443094999675
2015,18,植根,0.7070396842022292
2015,19,繁荣昌盛,0.6894984463420442
2015,20,出发点,0.6893798183710385
2016,1,人民,0.9999999999999998
2016,2,依靠人民,0.8575725452191225
2016,3,时评,0.8441763688720233
2016,4,谋利益,0.8257644714580072
2016,5,根本宗旨,0.8209465811166101
2016,6,血肉,0.8186141048410264
2016,7,美好生活,0.8069837895560296
2016,8,根本利益,0.7914355259119197
2016,9,心连心,0.7890479787660919
2016,10,亿万人民,0.7885362248838717
2016,11,党同,0.7880199297061037
2016,12,落脚点,0.7783706260164176
2016,13,同呼吸,0.7755933236630579
2016,14,出发点,0.7723168678545166
2016,15,创造者,0.7648608788968783
2016,16,同甘共苦,0.7609866193540632
2016,17,要论,0.7569265882770795
2016,18,共命运,0.7457238328656774
2016,19,全心全意,0.7451650482939829
2016,20,福祉,0.7384368794732928
2017,1,人民,1.0000000000000002
2017,2,至高无上,0.8519736735548951
2017,3,时评,0.8504113797988277
2017,4,根本宗旨,0.8374609399381232
2017,5,依靠人民,0.8318855353736696
2017,6,心连心,0.8315794499445665
2017,7,美好生活,0.8265428233040868
2017,8,同呼吸,0.8192775411647276
2017,9,根本利益,0.8186504900102826
2017,10,党同,0.817626078076835
2017,11,全心全意,0.816641055817504
2017,12,谋利益,0.8098821886265624
2017,13,共命运,0.8056221694928456
2017,14,向往,0.8046288679425871
2017,15,落脚点,0.802432947058779
2017,16,血肉,0.8017191741603538
2017,17,出发点,0.799734376240226
2017,18,执政为民,0.7889763273288629
2017,19,期盼,0.7873305680574536
2017,20,子弟兵,0.7830517098828911
2018,1,人民,1.0
2018,2,依靠人民,0.8682740177421321
2018,3,出发点,0.8271196364193825
2018,4,落脚点,0.8241662211004696
2018,5,向往,0.8225951528562198
2018,6,期盼,0.7927342962203423
2018,7,追求幸福,0.7856256322421313
2018,8,幸福感,0.782284054318175
2018,9,安全感,0.7693417965518052
2018,10,创造者,0.7651251827597337
2018,11,根本利益,0.7647623840432989
2018,12,日益增长,0.759748295672942
2018,13,党同,0.7562634204869807
2018,14,根本宗旨,0.7519791694733482
2018,15,全体,0.7500037008551808
2018,16,共同富裕,0.7487010876111082
2018,17,血肉,0.741977987604008
2018,18,美好生活,0.7379003246204457
2018,19,谋福利,0.7357444955759906
2018,20,幸福美好,0.7291472390209046
2019,1,人民,1.0000000000000002
2019,2,向往,0.8588397364295033
2019,3,心心相印,0.8397870333688153
2019,4,美好生活,0.8123800053532965
2019,5,同甘共苦,0.809871819299699
2019,6,落脚点,0.7961963254089288
2019,7,期盼,0.7934084153076881
2019,8,出发点,0.7924636709403111
2019,9,依靠人民,0.7919926914368425
2019,10,为师,0.7907501709371846
2019,11,共同富裕,0.788962472525111
2019,12,全心全意,0.7877582364245158
2019,13,追求幸福,0.786671777117791
2019,14,创造者,0.7778186418909583
2019,15,幸福,0.7711720541649247
2019,16,深厚感情,0.7709754258186137
2019,17,衷心,0.7694180892561995
2019,18,血肉,0.7672592601193746
2019,19,党同,0.7615147790885808
2019,20,幸福生活,0.7547982539646418
2020,1,人民,1.0
2020,2,同呼吸,0.8472730185551958
2020,3,至上,0.8437153825831925
2020,4,安危冷暖,0.8429692008028291
2020,5,心连心,0.8334237804019118
2020,6,不惜一切,0.8310383114222611
2020,7,生命安全,0.8300655238406092
2020,8,共命运,0.8292569031630121
2020,9,身体健康,0.8222465074778853
2020,10,血肉,0.8168120539533223
2020,11,肩并肩,0.8106606523096679
2020,12,依靠人民,0.809250821140232
2020,13,党同,0.8075031492815277
2020,14,全心全意,0.8057141441829738
2020,15,紧紧,0.8039375570845717
2020,16,为民造福,0.8031884603604855
2020,17,重于泰山,0.7998524441863809
2020,18,同甘共苦,0.797690934911987
2020,19,始终不渝,0.7927946167469033
2020,20,高于一切,0.7912431298570679
2021,1,人民,1.0
2021,2,执政为民,0.8921401677108055
2021,3,同甘共苦,0.8808267665791005
2021,4,心心相印,0.8686579174250149
2021,5,拥护,0.867645086017542
2021,6,血肉,0.8578674616816921
2021,7,衷心,0.8551325057832226
2021,8,植根,0.8463006230264593
2021,9,风雨同舟,0.8450636365921989
2021,10,向往,0.8350510327634382
2021,11,依靠人民,0.8326462089709288
2021,12,甘苦,0.8286514711435838
2021,13,始终不渝,0.8155190952553815
2021,14,生死相依,0.8081944332927973
2021,15,全心全意,0.8056029430161848
2021,16,立党为公,0.7960229298864341
2021,17,高于一切,0.7948073578182389
2021,18,党同,0.7861240119802332
2021,19,生死与共,0.78611262980783
2021,20,至上,0.7830934076917777
2022,1,人民,1.0
2022,2,依靠人民,0.8760958797565039
2022,3,全心全意,0.8639457626836453
2022,4,共命运,0.8595434237766666
2022,5,心连心,0.8594336688482648
2022,6,血肉,0.8418635989146377
2022,7,同呼吸,0.8317294503930399
2022,8,根本宗旨,0.8288658911786044
2022,9,心心相印,0.8273960619851353
2022,10,同甘共苦,0.8255189666300206
2022,11,向往,0.8186374789188465
2022,12,站稳,0.8179958922794205
2022,13,美好生活,0.8157318530045674
2022,14,至上,0.8073961115305883
2022,15,出发点,0.7950877578823208
2022,16,党同,0.7875260816881888
2022,17,群众观点,0.7824939980735588
2022,18,落脚点,0.7707746573036682
2022,19,风雨同舟,0.7586680759617374
2022,20,日益增长,0.7537737576468659
2023,1,人民,0.9999999999999998
2023,2,依靠人民,0.883978682421896
2023,3,向往,0.8558768139899748
2023,4,美好生活,0.8554925405860481
2023,5,日益增长,0.8508648076373677
2023,6,出发点,0.8494434942136415
2023,7,期盼,0.8381432774811015
2023,8,落脚点,0.8368419114484761
2023,9,心心相印,0.8341145270948801
2023,10,愿望,0.8334297592575608
2023,11,至上,0.8168885571635108
2023,12,根本宗旨,0.8139133008898971
2023,13,放在首位,0.8034522817187835
2023,14,血肉,0.803075705182597
2023,15,同呼吸,0.8012752622478305
2023,16,心连心,0.7970296076694107
2023,17,之所想,0.7916761275736204
2023,18,全心全意,0.7889000884726152
2023,19,心声,0.7727692386826526
2023,20,根本利益,0.7598199544241502
2024,1,人民,1.0
2024,2,向往,0.8269624157559065
2024,3,出发点,0.8179173320035433
2024,4,衷心,0.8112537645831721
2024,5,根本利益,0.8031749080161019
2024,6,落脚点,0.8012610280056133
2024,7,整体利益,0.7987790839702105
2024,8,至上,0.7983333378009809
2024,9,依靠人民,0.7983141142556309
2024,10,全心全意,0.7916331481770411
2024,11,血肉,0.790850900441358
2024,12,身体健康,0.7836581217626426
2024,13,期盼,0.7789107259286936
2024,14,美好生活,0.7775839848958781
2024,15,长远利益,0.7721578213759344
2024,16,愿望,0.7519731655464508
2024,17,群众,0.7512620398878457
2024,18,安全感,0.7402512727476567
2024,19,广大群众,0.7397701345424657
2024,20,日益增长,0.737835067312106
